{
  "dependencies": [
    {
      "version": "1.0.0",
      "assetId": "api-docs",
      "groupId": "de970fd2-54aa-4845-a9d6-c26eee37ca0d",
      "provided": false
    },
    {
      "version": "1.0.0",
      "assetId": "hascommonheader",
      "groupId": "de970fd2-54aa-4845-a9d6-c26eee37ca0d",
      "provided": false
    },
    {
      "version": "1.0.5",
      "assetId": "productsresponse",
      "groupId": "de970fd2-54aa-4845-a9d6-c26eee37ca0d",
      "provided": false
    },
    {
      "version": "1.0.2",
      "assetId": "security-fragments",
      "groupId": "de970fd2-54aa-4845-a9d6-c26eee37ca0d",
      "provided": false
    },
    {
      "version": "1.0.0",
      "assetId": "products-datatype",
      "groupId": "de970fd2-54aa-4845-a9d6-c26eee37ca0d",
      "provided": false
    },
    {
      "version": "1.0.1",
      "assetId": "sfdlibrary",
      "groupId": "de970fd2-54aa-4845-a9d6-c26eee37ca0d",
      "provided": false
    },
    {
      "version": "1.0.0",
      "assetId": "responses-fragments",
      "groupId": "de970fd2-54aa-4845-a9d6-c26eee37ca0d",
      "provided": false
    },
    {
      "version": "1.0.2",
      "assetId": "commonresourcetypes",
      "groupId": "de970fd2-54aa-4845-a9d6-c26eee37ca0d",
      "provided": false
    }
  ],
  "version": "1.0.1",
  "originalFormatVersion": "1.0",
  "apiVersion": "v1",
  "descriptorVersion": "1.0.0",
  "classifier": "raml",
  "main": "productsapi.raml",
  "assetId": "productsapi",
  "groupId": "de970fd2-54aa-4845-a9d6-c26eee37ca0d",
  "organizationId": "de970fd2-54aa-4845-a9d6-c26eee37ca0d",
  "name": "productsAPI"
}